{"base_lr": 0.2, "lr": 0.2, "data_time": 0.043991613388061526, "loss": 23.539872264862062, "time": 8.183313274383545, "epoch": 1, "iter": 10, "step": 10}
{"base_lr": 0.2, "lr": 0.2, "data_time": 0.02128751277923584, "loss": 22.30411539077759, "time": 7.422557616233826, "epoch": 1, "iter": 20, "step": 20}
